{"cameraMode":{"drawMode":0,"name":"Shaded","section":"Shading Mode"},"sceneLighting":true,"audioPlay":false,"sceneViewState":{"m_AlwaysRefresh":false,"showFog":true,"showSkybox":true,"showFlares":true,"showImageEffects":true,"showParticleSystems":true,"showVisualEffectGraphs":true,"m_FxEnabled":true},"in2DMode":false,"pivot":{"x":-1.430117130279541,"y":-11.185486793518067,"z":-13.696537017822266},"rotation":{"x":0.01769135147333145,"y":-0.9468207359313965,"z":0.31472915410995486,"w":0.07037892937660217},"size":14.42912769317627,"orthographic":false}